Day,Campaign status,Campaign,Budget,Currency code,Cost,Impr.,Clicks,Campaign ID
2026-01-05,Enabled,Brand Search,40.00,USD,35.13,618,33,11100000001
2026-01-05,Enabled,Shopping - All,120.00,USD,99.96,7507,162,11100000002
2026-01-05,Enabled,Performance Max,85.00,USD,70.59,9529,147,11100000003
2026-01-05,Enabled,Display Remarketing,25.00,USD,22.45,22494,98,11100000004
2026-01-05,Paused,Video Awareness,30.00,USD,0.00,0,0,11100000005
2026-01-06,Enabled,Brand Search,40.00,USD,35.91,639,38,11100000001
2026-01-06,Enabled,Shopping - All,120.00,USD,103.38,8872,171,11100000002
2026-01-06,Enabled,Performance Max,85.00,USD,78.65,12517,160,11100000003
2026-01-06,Enabled,Display Remarketing,25.00,USD,20.74,25385,106,11100000004
2026-01-06,Paused,Video Awareness,30.00,USD,0.00,0,0,11100000005
2026-01-07,Enabled,Brand Search,40.00,USD,33.94,542,31,11100000001
2026-01-07,Enabled,Shopping - All,120.00,USD,116.38,8518,176,11100000002
2026-01-07,Enabled,Performance Max,85.00,USD,79.71,11682,162,11100000003
2026-01-07,Enabled,Display Remarketing,25.00,USD,20.84,21412,91,11100000004
2026-01-07,Paused,Video Awareness,30.00,USD,0.00,0,0,11100000005
2026-01-08,Enabled,Brand Search,40.00,USD,37.87,648,37,11100000001
2026-01-08,Enabled,Shopping - All,120.00,USD,111.55,8137,178,11100000002
2026-01-08,Enabled,Performance Max,85.00,USD,82.22,12064,178,11100000003
2026-01-08,Enabled,Display Remarketing,25.00,USD,23.19,29832,111,11100000004
2026-01-08,Paused,Video Awareness,30.00,USD,0.00,0,0,11100000005
2026-01-09,Enabled,Brand Search,40.00,USD,38.28,737,37,11100000001
2026-01-09,Enabled,Shopping - All,120.00,USD,101.56,8061,161,11100000002
2026-01-09,Enabled,Performance Max,85.00,USD,72.46,9792,151,11100000003
2026-01-09,Enabled,Display Remarketing,25.00,USD,23.65,30185,119,11100000004
2026-01-09,Paused,Video Awareness,30.00,USD,0.00,0,0,11100000005
2026-01-10,Enabled,Brand Search,40.00,USD,28.37,510,27,11100000001
2026-01-10,Enabled,Shopping - All,120.00,USD,80.69,6231,132,11100000002
2026-01-10,Enabled,Performance Max,85.00,USD,59.88,9664,136,11100000003
2026-01-10,Enabled,Display Remarketing,25.00,USD,17.04,19246,74,11100000004
2026-01-10,Paused,Video Awareness,30.00,USD,0.00,0,0,11100000005
2026-01-11,Enabled,Brand Search,40.00,USD,27.21,581,30,11100000001
2026-01-11,Enabled,Shopping - All,120.00,USD,75.95,5907,120,11100000002
2026-01-11,Enabled,Performance Max,85.00,USD,50.89,7002,105,11100000003
2026-01-11,Enabled,Display Remarketing,25.00,USD,15.28,17385,66,11100000004
2026-01-11,Paused,Video Awareness,30.00,USD,0.00,0,0,11100000005
2026-01-12,Enabled,Brand Search,40.00,USD,34.09,569,32,11100000001
2026-01-12,Enabled,Shopping - All,120.00,USD,118.45,8249,175,11100000002
2026-01-12,Enabled,Performance Max,85.00,USD,78.93,13450,177,11100000003
2026-01-12,Enabled,Display Remarketing,25.00,USD,24.64,27526,112,11100000004
2026-01-12,Paused,Video Awareness,30.00,USD,0.00,0,0,11100000005
2026-01-13,Enabled,Brand Search,40.00,USD,35.81,774,39,11100000001
2026-01-13,Enabled,Shopping - All,120.00,USD,102.88,6985,155,11100000002
2026-01-13,Enabled,Performance Max,85.00,USD,74.15,11196,154,11100000003
2026-01-13,Enabled,Display Remarketing,25.00,USD,21.94,23119,94,11100000004
2026-01-13,Paused,Video Awareness,30.00,USD,0.00,0,0,11100000005
2026-01-14,Enabled,Brand Search,40.00,USD,35.94,714,36,11100000001
2026-01-14,Enabled,Shopping - All,120.00,USD,114.84,9065,186,11100000002
2026-01-14,Enabled,Performance Max,85.00,USD,81.13,11879,154,11100000003
2026-01-14,Enabled,Display Remarketing,25.00,USD,24.33,33112,125,11100000004
2026-01-14,Paused,Video Awareness,30.00,USD,0.00,0,0,11100000005
2026-01-15,Enabled,Brand Search,40.00,USD,36.16,586,35,11100000001
2026-01-15,Enabled,Shopping - All,120.00,USD,113.78,7264,167,11100000002
2026-01-15,Enabled,Performance Max,85.00,USD,73.99,9957,144,11100000003
2026-01-15,Enabled,Display Remarketing,25.00,USD,21.05,20931,90,11100000004
2026-01-15,Paused,Video Awareness,30.00,USD,0.00,0,0,11100000005
2026-01-16,Enabled,Brand Search,40.00,USD,34.08,543,33,11100000001
2026-01-16,Enabled,Shopping - All,120.00,USD,119.22,8722,197,11100000002
2026-01-16,Enabled,Performance Max,85.00,USD,74.77,10493,151,11100000003
2026-01-16,Enabled,Display Remarketing,25.00,USD,21.40,29937,109,11100000004
2026-01-16,Paused,Video Awareness,30.00,USD,0.00,0,0,11100000005
2026-01-17,Enabled,Brand Search,40.00,USD,26.50,434,26,11100000001
2026-01-17,Enabled,Shopping - All,120.00,USD,73.74,5219,115,11100000002
2026-01-17,Enabled,Performance Max,85.00,USD,60.38,7560,117,11100000003
2026-01-17,Enabled,Display Remarketing,25.00,USD,18.16,20213,87,11100000004
2026-01-17,Paused,Video Awareness,30.00,USD,0.00,0,0,11100000005
2026-01-18,Enabled,Brand Search,40.00,USD,26.95,439,24,11100000001
2026-01-18,Enabled,Shopping - All,120.00,USD,87.74,7522,152,11100000002
2026-01-18,Enabled,Performance Max,85.00,USD,54.10,7334,110,11100000003
2026-01-18,Enabled,Display Remarketing,25.00,USD,17.60,22172,84,11100000004
2026-01-18,Paused,Video Awareness,30.00,USD,0.00,0,0,11100000005
2026-01-19,Enabled,Brand Search,40.00,USD,35.91,657,34,11100000001
2026-01-19,Enabled,Shopping - All,120.00,USD,122.19,10663,211,11100000002
2026-01-19,Enabled,Performance Max,85.00,USD,83.95,12357,183,11100000003
2026-01-19,Enabled,Display Remarketing,25.00,USD,23.31,24456,108,11100000004
2026-01-19,Paused,Video Awareness,30.00,USD,0.00,0,0,11100000005
2026-01-20,Enabled,Brand Search,40.00,USD,33.74,554,32,11100000001
2026-01-20,Enabled,Shopping - All,120.00,USD,115.91,9612,204,11100000002
2026-01-20,Enabled,Performance Max,85.00,USD,85.93,15274,196,11100000003
2026-01-20,Enabled,Display Remarketing,25.00,USD,22.64,24107,102,11100000004
2026-01-20,Paused,Video Awareness,30.00,USD,0.00,0,0,11100000005
2026-01-21,Enabled,Brand Search,40.00,USD,35.04,615,33,11100000001
2026-01-21,Enabled,Shopping - All,120.00,USD,120.67,9864,208,11100000002
2026-01-21,Enabled,Performance Max,85.00,USD,81.60,11789,180,11100000003
2026-01-21,Enabled,Display Remarketing,25.00,USD,24.04,32750,124,11100000004
2026-01-21,Paused,Video Awareness,30.00,USD,0.00,0,0,11100000005
2026-01-22,Enabled,Brand Search,40.00,USD,39.18,663,39,11100000001
2026-01-22,Enabled,Shopping - All,120.00,USD,118.39,9340,185,11100000002
2026-01-22,Enabled,Performance Max,85.00,USD,86.72,12394,177,11100000003
2026-01-22,Enabled,Display Remarketing,25.00,USD,25.39,29421,126,11100000004
2026-01-22,Paused,Video Awareness,30.00,USD,0.00,0,0,11100000005
2026-01-23,Enabled,Brand Search,40.00,USD,34.62,629,32,11100000001
2026-01-23,Enabled,Shopping - All,120.00,USD,118.95,9030,178,11100000002
2026-01-23,Enabled,Performance Max,85.00,USD,86.99,12958,187,11100000003
2026-01-23,Enabled,Display Remarketing,25.00,USD,23.59,23474,104,11100000004
2026-01-23,Paused,Video Awareness,30.00,USD,0.00,0,0,11100000005
2026-01-24,Enabled,Brand Search,40.00,USD,29.47,548,30,11100000001
2026-01-24,Enabled,Shopping - All,120.00,USD,87.80,7162,140,11100000002
2026-01-24,Enabled,Performance Max,85.00,USD,60.97,8146,120,11100000003
2026-01-24,Enabled,Display Remarketing,25.00,USD,16.16,18565,73,11100000004
2026-01-24,Paused,Video Awareness,30.00,USD,0.00,0,0,11100000005
2026-01-25,Enabled,Brand Search,40.00,USD,25.71,421,25,11100000001
2026-01-25,Enabled,Shopping - All,120.00,USD,87.55,6469,137,11100000002
2026-01-25,Enabled,Performance Max,85.00,USD,58.31,9209,131,11100000003
2026-01-25,Enabled,Display Remarketing,25.00,USD,18.27,21888,87,11100000004
2026-01-25,Paused,Video Awareness,30.00,USD,0.00,0,0,11100000005
2026-01-26,Enabled,Brand Search,40.00,USD,37.72,611,34,11100000001
2026-01-26,Enabled,Shopping - All,120.00,USD,105.58,7722,153,11100000002
2026-01-26,Enabled,Performance Max,85.00,USD,74.62,11570,155,11100000003
2026-01-26,Enabled,Display Remarketing,25.00,USD,23.73,27350,109,11100000004
2026-01-26,Paused,Video Awareness,30.00,USD,0.00,0,0,11100000005
2026-01-27,Enabled,Brand Search,40.00,USD,38.01,670,40,11100000001
2026-01-27,Enabled,Shopping - All,120.00,USD,114.15,7962,175,11100000002
2026-01-27,Enabled,Performance Max,85.00,USD,84.21,12727,176,11100000003
2026-01-27,Enabled,Display Remarketing,25.00,USD,24.71,31390,127,11100000004
2026-01-27,Paused,Video Awareness,30.00,USD,0.00,0,0,11100000005
2026-01-28,Enabled,Brand Search,40.00,USD,38.49,711,39,11100000001
2026-01-28,Enabled,Shopping - All,120.00,USD,117.27,8964,187,11100000002
2026-01-28,Enabled,Performance Max,85.00,USD,79.67,13444,181,11100000003
2026-01-28,Enabled,Display Remarketing,25.00,USD,25.29,31175,131,11100000004
2026-01-28,Paused,Video Awareness,30.00,USD,0.00,0,0,11100000005
2026-01-29,Enabled,Brand Search,40.00,USD,38.15,816,42,11100000001
2026-01-29,Enabled,Shopping - All,120.00,USD,105.01,7390,157,11100000002
2026-01-29,Enabled,Performance Max,85.00,USD,73.36,9473,145,11100000003
2026-01-29,Enabled,Display Remarketing,25.00,USD,24.36,33192,123,11100000004
2026-01-29,Paused,Video Awareness,30.00,USD,0.00,0,0,11100000005
2026-01-30,Enabled,Brand Search,40.00,USD,35.18,694,37,11100000001
2026-01-30,Enabled,Shopping - All,120.00,USD,105.29,9529,183,11100000002
2026-01-30,Enabled,Performance Max,85.00,USD,75.80,12036,172,11100000003
2026-01-30,Enabled,Display Remarketing,25.00,USD,23.54,32795,123,11100000004
2026-01-30,Paused,Video Awareness,30.00,USD,0.00,0,0,11100000005
2026-01-31,Enabled,Brand Search,40.00,USD,25.41,456,25,11100000001
2026-01-31,Enabled,Shopping - All,120.00,USD,79.09,5507,120,11100000002
2026-01-31,Enabled,Performance Max,85.00,USD,60.41,8231,114,11100000003
2026-01-31,Enabled,Display Remarketing,25.00,USD,16.82,17393,72,11100000004
2026-01-31,Paused,Video Awareness,30.00,USD,0.00,0,0,11100000005
2026-02-01,Enabled,Brand Search,40.00,USD,27.94,465,28,11100000001
2026-02-01,Enabled,Shopping - All,120.00,USD,89.66,7973,153,11100000002
2026-02-01,Enabled,Performance Max,85.00,USD,53.42,6874,106,11100000003
2026-02-01,Enabled,Display Remarketing,25.00,USD,17.98,18981,82,11100000004
2026-02-01,Paused,Video Awareness,30.00,USD,0.00,0,0,11100000005
2026-02-02,Enabled,Brand Search,40.00,USD,37.35,774,40,11100000001
2026-02-02,Enabled,Shopping - All,120.00,USD,108.35,8413,163,11100000002
2026-02-02,Enabled,Performance Max,85.00,USD,81.72,11605,177,11100000003
2026-02-02,Enabled,Display Remarketing,25.00,USD,21.63,26350,107,11100000004
2026-02-02,Paused,Video Awareness,30.00,USD,0.00,0,0,11100000005
2026-02-03,Enabled,Brand Search,40.00,USD,34.77,709,38,11100000001
2026-02-03,Enabled,Shopping - All,120.00,USD,120.75,9131,179,11100000002
2026-02-03,Enabled,Performance Max,85.00,USD,73.80,11677,165,11100000003
2026-02-03,Enabled,Display Remarketing,25.00,USD,22.98,30118,111,11100000004
2026-02-03,Paused,Video Awareness,30.00,USD,0.00,0,0,11100000005
2026-02-04,Enabled,Brand Search,40.00,USD,36.29,622,34,11100000001
2026-02-04,Enabled,Shopping - All,120.00,USD,108.21,7148,161,11100000002
2026-02-04,Enabled,Performance Max,85.00,USD,73.64,9899,144,11100000003
2026-02-04,Enabled,Display Remarketing,25.00,USD,22.86,27303,114,11100000004
2026-02-04,Paused,Video Awareness,30.00,USD,0.00,0,0,11100000005
2026-02-05,Enabled,Brand Search,40.00,USD,38.09,635,36,11100000001
2026-02-05,Enabled,Shopping - All,120.00,USD,103.39,6795,158,11100000002
2026-02-05,Enabled,Performance Max,85.00,USD,84.68,11925,178,11100000003
2026-02-05,Enabled,Display Remarketing,25.00,USD,23.69,28329,123,11100000004
2026-02-05,Paused,Video Awareness,30.00,USD,0.00,0,0,11100000005
2026-02-06,Enabled,Brand Search,40.00,USD,40.55,727,40,11100000001
2026-02-06,Enabled,Shopping - All,120.00,USD,122.02,9203,193,11100000002
2026-02-06,Enabled,Performance Max,85.00,USD,84.07,13283,192,11100000003
2026-02-06,Enabled,Display Remarketing,25.00,USD,25.41,32357,126,11100000004
2026-02-06,Paused,Video Awareness,30.00,USD,0.00,0,0,11100000005
2026-02-07,Enabled,Brand Search,40.00,USD,26.99,431,26,11100000001
2026-02-07,Enabled,Shopping - All,120.00,USD,76.47,5640,113,11100000002
2026-02-07,Enabled,Performance Max,85.00,USD,55.62,7073,108,11100000003
2026-02-07,Enabled,Display Remarketing,25.00,USD,18.35,24302,94,11100000004
2026-02-07,Paused,Video Awareness,30.00,USD,0.00,0,0,11100000005
2026-02-08,Enabled,Brand Search,40.00,USD,26.36,436,25,11100000001
2026-02-08,Enabled,Shopping - All,120.00,USD,81.97,5794,123,11100000002
2026-02-08,Enabled,Performance Max,85.00,USD,55.79,9929,127,11100000003
2026-02-08,Enabled,Display Remarketing,25.00,USD,17.38,21589,79,11100000004
2026-02-08,Paused,Video Awareness,30.00,USD,0.00,0,0,11100000005
2026-02-09,Enabled,Brand Search,40.00,USD,36.87,589,36,11100000001
2026-02-09,Enabled,Shopping - All,120.00,USD,112.24,8576,180,11100000002
2026-02-09,Enabled,Performance Max,85.00,USD,76.60,10297,160,11100000003
2026-02-09,Enabled,Display Remarketing,25.00,USD,22.83,24498,100,11100000004
2026-02-09,Paused,Video Awareness,30.00,USD,0.00,0,0,11100000005
2026-02-10,Enabled,Brand Search,40.00,USD,34.89,559,32,11100000001
2026-02-10,Enabled,Shopping - All,120.00,USD,109.01,8574,179,11100000002
2026-02-10,Enabled,Performance Max,85.00,USD,85.57,13711,184,11100000003
2026-02-10,Enabled,Display Remarketing,25.00,USD,25.78,28957,120,11100000004
2026-02-10,Paused,Video Awareness,30.00,USD,0.00,0,0,11100000005
2026-02-11,Enabled,Brand Search,40.00,USD,42.10,741,39,11100000001
2026-02-11,Enabled,Shopping - All,120.00,USD,118.53,8841,174,11100000002
2026-02-11,Enabled,Performance Max,85.00,USD,87.97,14057,188,11100000003
2026-02-11,Enabled,Display Remarketing,25.00,USD,25.50,28384,113,11100000004
2026-02-11,Paused,Video Awareness,30.00,USD,0.00,0,0,11100000005
2026-02-12,Enabled,Brand Search,40.00,USD,38.51,791,41,11100000001
2026-02-12,Enabled,Shopping - All,120.00,USD,122.88,10375,202,11100000002
2026-02-12,Enabled,Performance Max,85.00,USD,84.72,12365,183,11100000003
2026-02-12,Enabled,Display Remarketing,25.00,USD,21.82,23331,96,11100000004
2026-02-12,Paused,Video Awareness,30.00,USD,0.00,0,0,11100000005
2026-02-13,Enabled,Brand Search,40.00,USD,35.52,699,38,11100000001
2026-02-13,Enabled,Shopping - All,120.00,USD,118.51,9671,196,11100000002
2026-02-13,Enabled,Performance Max,85.00,USD,81.70,11579,153,11100000003
2026-02-13,Enabled,Display Remarketing,25.00,USD,25.26,30211,120,11100000004
2026-02-13,Paused,Video Awareness,30.00,USD,0.00,0,0,11100000005
2026-02-14,Enabled,Brand Search,40.00,USD,28.66,495,26,11100000001
2026-02-14,Enabled,Shopping - All,120.00,USD,79.26,5310,117,11100000002
2026-02-14,Enabled,Performance Max,85.00,USD,61.71,9057,121,11100000003
2026-02-14,Enabled,Display Remarketing,25.00,USD,19.00,21972,90,11100000004
2026-02-14,Paused,Video Awareness,30.00,USD,0.00,0,0,11100000005
2026-02-15,Enabled,Brand Search,40.00,USD,27.70,555,29,11100000001
2026-02-15,Enabled,Shopping - All,120.00,USD,85.39,6190,142,11100000002
2026-02-15,Enabled,Performance Max,85.00,USD,54.99,8164,109,11100000003
2026-02-15,Enabled,Display Remarketing,25.00,USD,16.71,18276,81,11100000004
2026-02-15,Paused,Video Awareness,30.00,USD,0.00,0,0,11100000005
2026-02-16,Enabled,Brand Search,40.00,USD,35.33,639,34,11100000001
2026-02-16,Enabled,Shopping - All,120.00,USD,120.49,9171,201,11100000002
2026-02-16,Enabled,Performance Max,85.00,USD,82.49,12132,171,11100000003
2026-02-16,Enabled,Display Remarketing,25.00,USD,22.36,27021,115,11100000004
2026-02-16,Paused,Video Awareness,30.00,USD,0.00,0,0,11100000005
2026-02-17,Enabled,Brand Search,40.00,USD,42.41,756,46,11100000001
2026-02-17,Enabled,Shopping - All,120.00,USD,115.30,10311,198,11100000002
2026-02-17,Enabled,Performance Max,85.00,USD,81.52,10900,162,11100000003
2026-02-17,Enabled,Display Remarketing,25.00,USD,26.35,29981,118,11100000004
2026-02-17,Paused,Video Awareness,30.00,USD,0.00,0,0,11100000005
2026-02-18,Enabled,Brand Search,40.00,USD,36.05,714,36,11100000001
2026-02-18,Enabled,Shopping - All,120.00,USD,107.95,8825,185,11100000002
2026-02-18,Enabled,Performance Max,85.00,USD,88.76,12978,192,11100000003
2026-02-18,Enabled,Display Remarketing,25.00,USD,26.16,28054,124,11100000004
2026-02-18,Paused,Video Awareness,30.00,USD,0.00,0,0,11100000005
2026-02-19,Enabled,Brand Search,40.00,USD,35.04,630,35,11100000001
2026-02-19,Enabled,Shopping - All,120.00,USD,112.00,7750,168,11100000002
2026-02-19,Enabled,Performance Max,85.00,USD,79.57,11383,177,11100000003
2026-02-19,Enabled,Display Remarketing,25.00,USD,25.49,30030,130,11100000004
2026-02-19,Paused,Video Awareness,30.00,USD,0.00,0,0,11100000005
2026-02-20,Enabled,Brand Search,40.00,USD,42.19,864,44,11100000001
2026-02-20,Enabled,Shopping - All,120.00,USD,111.88,8201,176,11100000002
2026-02-20,Enabled,Performance Max,85.00,USD,90.85,13402,193,11100000003
2026-02-20,Enabled,Display Remarketing,25.00,USD,23.97,24788,109,11100000004
2026-02-20,Paused,Video Awareness,30.00,USD,0.00,0,0,11100000005
2026-02-21,Enabled,Brand Search,40.00,USD,25.85,487,28,11100000001
2026-02-21,Enabled,Shopping - All,120.00,USD,91.42,6354,140,11100000002
2026-02-21,Enabled,Performance Max,85.00,USD,59.75,8145,117,11100000003
2026-02-21,Enabled,Display Remarketing,25.00,USD,19.12,26029,98,11100000004
2026-02-21,Paused,Video Awareness,30.00,USD,0.00,0,0,11100000005
2026-02-22,Enabled,Brand Search,40.00,USD,28.82,613,31,11100000001
2026-02-22,Enabled,Shopping - All,120.00,USD,85.11,6196,143,11100000002
2026-02-22,Enabled,Performance Max,85.00,USD,62.45,9680,129,11100000003
2026-02-22,Enabled,Display Remarketing,25.00,USD,18.06,18651,82,11100000004
2026-02-22,Paused,Video Awareness,30.00,USD,0.00,0,0,11100000005
2026-02-23,Enabled,Brand Search,40.00,USD,42.37,705,39,11100000001
2026-02-23,Enabled,Shopping - All,120.00,USD,113.60,8782,176,11100000002
2026-02-23,Enabled,Performance Max,85.00,USD,90.86,13258,180,11100000003
2026-02-23,Enabled,Display Remarketing,25.00,USD,23.46,27653,113,11100000004
2026-02-23,Paused,Video Awareness,30.00,USD,0.00,0,0,11100000005
2026-02-24,Enabled,Brand Search,40.00,USD,36.56,582,34,11100000001
2026-02-24,Enabled,Shopping - All,120.00,USD,126.82,9170,204,11100000002
2026-02-24,Enabled,Performance Max,85.00,USD,89.83,14567,206,11100000003
2026-02-24,Enabled,Display Remarketing,25.00,USD,22.71,23413,102,11100000004
2026-02-24,Paused,Video Awareness,30.00,USD,0.00,0,0,11100000005
2026-02-25,Enabled,Brand Search,40.00,USD,37.96,603,35,11100000001
2026-02-25,Enabled,Shopping - All,120.00,USD,111.94,9389,183,11100000002
2026-02-25,Enabled,Performance Max,85.00,USD,87.38,12566,179,11100000003
2026-02-25,Enabled,Display Remarketing,25.00,USD,24.61,27578,114,11100000004
2026-02-25,Paused,Video Awareness,30.00,USD,0.00,0,0,11100000005
2026-02-26,Enabled,Brand Search,40.00,USD,35.84,676,34,11100000001
2026-02-26,Enabled,Shopping - All,120.00,USD,109.01,8598,176,11100000002
2026-02-26,Enabled,Performance Max,85.00,USD,89.37,11996,176,11100000003
2026-02-26,Enabled,Display Remarketing,25.00,USD,23.30,26955,109,11100000004
2026-02-26,Paused,Video Awareness,30.00,USD,0.00,0,0,11100000005
2026-02-27,Enabled,Brand Search,40.00,USD,42.82,899,46,11100000001
2026-02-27,Enabled,Shopping - All,120.00,USD,106.73,7740,156,11100000002
2026-02-27,Enabled,Performance Max,85.00,USD,90.03,13590,187,11100000003
2026-02-27,Enabled,Display Remarketing,25.00,USD,22.13,27948,103,11100000004
2026-02-27,Paused,Video Awareness,30.00,USD,0.00,0,0,11100000005
2026-02-28,Enabled,Brand Search,40.00,USD,30.16,637,32,11100000001
2026-02-28,Enabled,Shopping - All,120.00,USD,80.76,5319,120,11100000002
2026-02-28,Enabled,Performance Max,85.00,USD,60.47,10183,131,11100000003
2026-02-28,Enabled,Display Remarketing,25.00,USD,18.48,23955,91,11100000004
2026-02-28,Paused,Video Awareness,30.00,USD,0.00,0,0,11100000005
2026-03-01,Enabled,Brand Search,40.00,USD,28.13,462,28,11100000001
2026-03-01,Enabled,Shopping - All,120.00,USD,89.86,7072,137,11100000002
2026-03-01,Enabled,Performance Max,85.00,USD,62.02,8198,124,11100000003
2026-03-01,Enabled,Display Remarketing,25.00,USD,16.86,21314,82,11100000004
2026-03-01,Paused,Video Awareness,30.00,USD,0.00,0,0,11100000005
2026-03-02,Enabled,Brand Search,40.00,USD,36.43,603,33,11100000001
2026-03-02,Enabled,Shopping - All,120.00,USD,120.31,8547,190,11100000002
2026-03-02,Enabled,Performance Max,85.00,USD,85.52,11043,161,11100000003
2026-03-02,Enabled,Display Remarketing,25.00,USD,24.47,32668,127,11100000004
2026-03-02,Paused,Video Awareness,30.00,USD,0.00,0,0,11100000005
2026-03-03,Enabled,Brand Search,40.00,USD,42.51,723,42,11100000001
2026-03-03,Enabled,Shopping - All,120.00,USD,112.61,9814,198,11100000002
2026-03-03,Enabled,Performance Max,85.00,USD,80.76,10853,152,11100000003
2026-03-03,Enabled,Display Remarketing,25.00,USD,25.55,28544,120,11100000004
2026-03-03,Paused,Video Awareness,30.00,USD,0.00,0,0,11100000005
2026-03-04,Enabled,Brand Search,40.00,USD,40.88,756,44,11100000001
2026-03-04,Enabled,Shopping - All,120.00,USD,107.76,7873,168,11100000002
2026-03-04,Enabled,Performance Max,85.00,USD,87.12,12940,171,11100000003
2026-03-04,Enabled,Display Remarketing,25.00,USD,25.90,28937,123,11100000004
2026-03-04,Paused,Video Awareness,30.00,USD,0.00,0,0,11100000005
2026-03-05,Enabled,Brand Search,40.00,USD,43.30,813,42,11100000001
2026-03-05,Enabled,Shopping - All,120.00,USD,112.54,8567,171,11100000002
2026-03-05,Enabled,Performance Max,85.00,USD,80.78,13132,184,11100000003
2026-03-05,Enabled,Display Remarketing,25.00,USD,23.23,25814,105,11100000004
2026-03-05,Paused,Video Awareness,30.00,USD,0.00,0,0,11100000005
2026-03-06,Enabled,Brand Search,40.00,USD,40.97,760,45,11100000001
2026-03-06,Enabled,Shopping - All,120.00,USD,116.52,9228,177,11100000002
2026-03-06,Enabled,Performance Max,85.00,USD,78.34,9707,149,11100000003
2026-03-06,Enabled,Display Remarketing,25.00,USD,24.27,33647,125,11100000004
2026-03-06,Paused,Video Awareness,30.00,USD,0.00,0,0,11100000005
2026-03-07,Enabled,Brand Search,40.00,USD,29.92,652,33,11100000001
2026-03-07,Enabled,Shopping - All,120.00,USD,82.92,6471,125,11100000002
2026-03-07,Enabled,Performance Max,85.00,USD,63.75,8853,120,11100000003
2026-03-07,Enabled,Display Remarketing,25.00,USD,17.45,19568,81,11100000004
2026-03-07,Paused,Video Awareness,30.00,USD,0.00,0,0,11100000005
2026-03-08,Enabled,Brand Search,40.00,USD,26.77,417,24,11100000001
2026-03-08,Enabled,Shopping - All,120.00,USD,83.41,6473,147,11100000002
2026-03-08,Enabled,Performance Max,85.00,USD,66.46,9019,130,11100000003
2026-03-08,Enabled,Display Remarketing,25.00,USD,19.04,23922,97,11100000004
2026-03-08,Paused,Video Awareness,30.00,USD,0.00,0,0,11100000005
2026-03-09,Enabled,Brand Search,40.00,USD,36.29,638,36,11100000001
2026-03-09,Enabled,Shopping - All,120.00,USD,129.44,9080,196,11100000002
2026-03-09,Enabled,Performance Max,85.00,USD,91.31,12067,172,11100000003
2026-03-09,Enabled,Display Remarketing,25.00,USD,26.44,30195,133,11100000004
2026-03-09,Paused,Video Awareness,30.00,USD,0.00,0,0,11100000005
2026-03-10,Enabled,Brand Search,40.00,USD,36.22,650,33,11100000001
2026-03-10,Enabled,Shopping - All,120.00,USD,113.93,9923,193,11100000002
2026-03-10,Enabled,Performance Max,85.00,USD,82.08,12709,163,11100000003
2026-03-10,Enabled,Display Remarketing,25.00,USD,25.51,30256,116,11100000004
2026-03-10,Paused,Video Awareness,30.00,USD,0.00,0,0,11100000005
2026-03-11,Enabled,Brand Search,40.00,USD,38.50,606,37,11100000001
2026-03-11,Enabled,Shopping - All,120.00,USD,125.91,10757,220,11100000002
2026-03-11,Enabled,Performance Max,85.00,USD,92.33,11767,174,11100000003
2026-03-11,Enabled,Display Remarketing,25.00,USD,24.85,35178,129,11100000004
2026-03-11,Paused,Video Awareness,30.00,USD,0.00,0,0,11100000005
2026-03-12,Enabled,Brand Search,40.00,USD,39.11,663,37,11100000001
2026-03-12,Enabled,Shopping - All,120.00,USD,119.86,9366,210,11100000002
2026-03-12,Enabled,Performance Max,85.00,USD,90.10,14980,197,11100000003
2026-03-12,Enabled,Display Remarketing,25.00,USD,26.35,30898,128,11100000004
2026-03-12,Paused,Video Awareness,30.00,USD,0.00,0,0,11100000005
2026-03-13,Enabled,Brand Search,40.00,USD,38.63,730,38,11100000001
2026-03-13,Enabled,Shopping - All,120.00,USD,110.17,8355,167,11100000002
2026-03-13,Enabled,Performance Max,85.00,USD,80.87,9975,154,11100000003
2026-03-13,Enabled,Display Remarketing,25.00,USD,25.30,31785,116,11100000004
2026-03-13,Paused,Video Awareness,30.00,USD,0.00,0,0,11100000005
2026-03-14,Enabled,Brand Search,40.00,USD,31.07,589,34,11100000001
2026-03-14,Enabled,Shopping - All,120.00,USD,79.52,5617,118,11100000002
2026-03-14,Enabled,Performance Max,85.00,USD,63.92,8927,132,11100000003
2026-03-14,Enabled,Display Remarketing,25.00,USD,17.75,22507,87,11100000004
2026-03-14,Paused,Video Awareness,30.00,USD,0.00,0,0,11100000005
2026-03-15,Enabled,Brand Search,40.00,USD,30.34,601,32,11100000001
2026-03-15,Enabled,Shopping - All,120.00,USD,80.26,6300,138,11100000002
2026-03-15,Enabled,Performance Max,85.00,USD,62.27,9429,126,11100000003
2026-03-15,Enabled,Display Remarketing,25.00,USD,17.00,18270,77,11100000004
2026-03-15,Paused,Video Awareness,30.00,USD,0.00,0,0,11100000005
2026-03-16,Enabled,Brand Search,40.00,USD,37.46,739,40,11100000001
2026-03-16,Enabled,Shopping - All,120.00,USD,116.52,9625,184,11100000002
2026-03-16,Enabled,Performance Max,85.00,USD,85.60,12816,169,11100000003
2026-03-16,Enabled,Display Remarketing,25.00,USD,25.90,31066,135,11100000004
2026-03-16,Paused,Video Awareness,30.00,USD,0.00,0,0,11100000005
2026-03-17,Enabled,Brand Search,40.00,USD,40.08,835,43,11100000001
2026-03-17,Enabled,Shopping - All,120.00,USD,130.73,8720,191,11100000002
2026-03-17,Enabled,Performance Max,85.00,USD,79.14,12119,155,11100000003
2026-03-17,Enabled,Display Remarketing,25.00,USD,25.59,32157,132,11100000004
2026-03-17,Paused,Video Awareness,30.00,USD,0.00,0,0,11100000005
2026-03-18,Enabled,Brand Search,40.00,USD,43.25,744,43,11100000001
2026-03-18,Enabled,Shopping - All,120.00,USD,127.64,9826,224,11100000002
2026-03-18,Enabled,Performance Max,85.00,USD,87.33,12535,186,11100000003
2026-03-18,Enabled,Display Remarketing,25.00,USD,24.55,25637,109,11100000004
2026-03-18,Paused,Video Awareness,30.00,USD,0.00,0,0,11100000005
2026-03-19,Enabled,Brand Search,40.00,USD,38.43,731,39,11100000001
2026-03-19,Enabled,Shopping - All,120.00,USD,114.05,7632,166,11100000002
2026-03-19,Enabled,Performance Max,85.00,USD,88.85,11893,173,11100000003
2026-03-19,Enabled,Display Remarketing,25.00,USD,23.76,30288,120,11100000004
2026-03-19,Paused,Video Awareness,30.00,USD,0.00,0,0,11100000005
2026-03-20,Enabled,Brand Search,40.00,USD,36.95,605,34,11100000001
2026-03-20,Enabled,Shopping - All,120.00,USD,122.52,8876,203,11100000002
2026-03-20,Enabled,Performance Max,85.00,USD,80.22,12204,174,11100000003
2026-03-20,Enabled,Display Remarketing,25.00,USD,24.19,30265,111,11100000004
2026-03-20,Paused,Video Awareness,30.00,USD,0.00,0,0,11100000005
2026-03-21,Enabled,Brand Search,40.00,USD,28.07,495,28,11100000001
2026-03-21,Enabled,Shopping - All,120.00,USD,86.02,7800,149,11100000002
2026-03-21,Enabled,Performance Max,85.00,USD,60.29,8813,118,11100000003
2026-03-21,Enabled,Display Remarketing,25.00,USD,17.15,19986,74,11100000004
2026-03-21,Paused,Video Awareness,30.00,USD,0.00,0,0,11100000005
2026-03-22,Enabled,Brand Search,40.00,USD,28.76,553,31,11100000001
2026-03-22,Enabled,Shopping - All,120.00,USD,94.22,6705,151,11100000002
2026-03-22,Enabled,Performance Max,85.00,USD,56.09,8666,118,11100000003
2026-03-22,Enabled,Display Remarketing,25.00,USD,19.73,22025,86,11100000004
2026-03-22,Paused,Video Awareness,30.00,USD,0.00,0,0,11100000005
2026-03-23,Enabled,Brand Search,40.00,USD,39.57,676,40,11100000001
2026-03-23,Enabled,Shopping - All,120.00,USD,116.59,9766,189,11100000002
2026-03-23,Enabled,Performance Max,85.00,USD,79.61,12580,166,11100000003
2026-03-23,Enabled,Display Remarketing,25.00,USD,27.72,28685,124,11100000004
2026-03-23,Paused,Video Awareness,30.00,USD,0.00,0,0,11100000005
2026-03-24,Enabled,Brand Search,40.00,USD,44.22,870,48,11100000001
2026-03-24,Enabled,Shopping - All,120.00,USD,111.20,9078,195,11100000002
2026-03-24,Enabled,Performance Max,85.00,USD,93.31,15137,199,11100000003
2026-03-24,Enabled,Display Remarketing,25.00,USD,23.70,28096,119,11100000004
2026-03-24,Paused,Video Awareness,30.00,USD,0.00,0,0,11100000005
2026-03-25,Enabled,Brand Search,40.00,USD,39.94,833,43,11100000001
2026-03-25,Enabled,Shopping - All,120.00,USD,114.48,8120,174,11100000002
2026-03-25,Enabled,Performance Max,85.00,USD,86.82,11690,177,11100000003
2026-03-25,Enabled,Display Remarketing,25.00,USD,24.17,32384,120,11100000004
2026-03-25,Paused,Video Awareness,30.00,USD,0.00,0,0,11100000005
2026-03-26,Enabled,Brand Search,40.00,USD,37.07,726,38,11100000001
2026-03-26,Enabled,Shopping - All,120.00,USD,111.13,8400,191,11100000002
2026-03-26,Enabled,Performance Max,85.00,USD,88.34,13623,186,11100000003
2026-03-26,Enabled,Display Remarketing,25.00,USD,24.50,29225,115,11100000004
2026-03-26,Paused,Video Awareness,30.00,USD,0.00,0,0,11100000005
2026-03-27,Enabled,Brand Search,40.00,USD,40.22,756,42,11100000001
2026-03-27,Enabled,Shopping - All,120.00,USD,120.97,8629,177,11100000002
2026-03-27,Enabled,Performance Max,85.00,USD,86.57,12858,171,11100000003
2026-03-27,Enabled,Display Remarketing,25.00,USD,26.93,29715,127,11100000004
2026-03-27,Paused,Video Awareness,30.00,USD,0.00,0,0,11100000005
2026-03-28,Enabled,Brand Search,40.00,USD,29.28,454,27,11100000001
2026-03-28,Enabled,Shopping - All,120.00,USD,87.08,6072,129,11100000002
2026-03-28,Enabled,Performance Max,85.00,USD,62.67,8732,119,11100000003
2026-03-28,Enabled,Display Remarketing,25.00,USD,16.87,22166,84,11100000004
2026-03-28,Paused,Video Awareness,30.00,USD,0.00,0,0,11100000005
2026-03-29,Enabled,Brand Search,40.00,USD,29.54,491,27,11100000001
2026-03-29,Enabled,Shopping - All,120.00,USD,86.28,6711,152,11100000002
2026-03-29,Enabled,Performance Max,85.00,USD,67.05,11511,154,11100000003
2026-03-29,Enabled,Display Remarketing,25.00,USD,19.57,23846,87,11100000004
2026-03-29,Paused,Video Awareness,30.00,USD,0.00,0,0,11100000005
2026-03-30,Enabled,Brand Search,40.00,USD,40.92,886,45,11100000001
2026-03-30,Enabled,Shopping - All,120.00,USD,114.81,10137,196,11100000002
2026-03-30,Enabled,Performance Max,85.00,USD,79.61,12089,161,11100000003
2026-03-30,Enabled,Display Remarketing,25.00,USD,23.89,29366,123,11100000004
2026-03-30,Paused,Video Awareness,30.00,USD,0.00,0,0,11100000005
2026-03-31,Enabled,Brand Search,40.00,USD,43.60,728,40,11100000001
2026-03-31,Enabled,Shopping - All,120.00,USD,133.35,9208,203,11100000002
2026-03-31,Enabled,Performance Max,85.00,USD,87.32,11342,175,11100000003
2026-03-31,Enabled,Display Remarketing,25.00,USD,24.04,29085,107,11100000004
2026-03-31,Paused,Video Awareness,30.00,USD,0.00,0,0,11100000005
2026-04-01,Enabled,Brand Search,40.00,USD,42.56,781,46,11100000001
2026-04-01,Enabled,Shopping - All,120.00,USD,130.23,9295,194,11100000002
2026-04-01,Enabled,Performance Max,85.00,USD,89.68,13970,182,11100000003
2026-04-01,Enabled,Display Remarketing,25.00,USD,25.97,33910,126,11100000004
2026-04-01,Paused,Video Awareness,30.00,USD,0.00,0,0,11100000005
2026-04-02,Enabled,Brand Search,40.00,USD,37.93,783,42,11100000001
2026-04-02,Enabled,Shopping - All,120.00,USD,120.87,9393,207,11100000002
2026-04-02,Enabled,Performance Max,85.00,USD,95.93,14095,203,11100000003
2026-04-02,Enabled,Display Remarketing,25.00,USD,27.07,29697,127,11100000004
2026-04-02,Paused,Video Awareness,30.00,USD,0.00,0,0,11100000005
2026-04-03,Enabled,Brand Search,40.00,USD,43.19,754,39,11100000001
2026-04-03,Enabled,Shopping - All,120.00,USD,117.59,10185,195,11100000002
2026-04-03,Enabled,Performance Max,85.00,USD,89.05,13200,192,11100000003
2026-04-03,Enabled,Display Remarketing,25.00,USD,23.22,23247,100,11100000004
2026-04-03,Paused,Video Awareness,30.00,USD,0.00,0,0,11100000005
2026-04-04,Enabled,Brand Search,40.00,USD,30.39,547,30,11100000001
2026-04-04,Enabled,Shopping - All,120.00,USD,96.09,6483,144,11100000002
2026-04-04,Enabled,Performance Max,85.00,USD,65.04,7912,123,11100000003
2026-04-04,Enabled,Display Remarketing,25.00,USD,18.03,19186,79,11100000004
2026-04-04,Paused,Video Awareness,30.00,USD,0.00,0,0,11100000005
2026-04-05,Enabled,Brand Search,40.00,USD,28.12,537,29,11100000001
2026-04-05,Enabled,Shopping - All,120.00,USD,84.02,6586,139,11100000002
2026-04-05,Enabled,Performance Max,85.00,USD,58.64,9013,133,11100000003
2026-04-05,Enabled,Display Remarketing,25.00,USD,17.30,19525,76,11100000004
2026-04-05,Paused,Video Awareness,30.00,USD,0.00,0,0,11100000005
2026-04-06,Enabled,Brand Search,40.00,USD,44.41,838,47,11100000001
2026-04-06,Enabled,Shopping - All,120.00,USD,118.32,8428,172,11100000002
2026-04-06,Enabled,Performance Max,85.00,USD,88.99,13232,180,11100000003
2026-04-06,Enabled,Display Remarketing,25.00,USD,25.57,34541,132,11100000004
2026-04-06,Paused,Video Awareness,30.00,USD,0.00,0,0,11100000005
2026-04-07,Enabled,Brand Search,40.00,USD,39.36,711,43,11100000001
2026-04-07,Enabled,Shopping - All,120.00,USD,125.04,8934,198,11100000002
2026-04-07,Enabled,Performance Max,85.00,USD,80.34,11410,177,11100000003
2026-04-07,Enabled,Display Remarketing,25.00,USD,26.15,31567,136,11100000004
2026-04-07,Paused,Video Awareness,30.00,USD,0.00,0,0,11100000005
2026-04-08,Enabled,Brand Search,40.00,USD,39.01,728,40,11100000001
2026-04-08,Enabled,Shopping - All,120.00,USD,127.92,9750,219,11100000002
2026-04-08,Enabled,Performance Max,85.00,USD,84.82,11046,170,11100000003
2026-04-08,Enabled,Display Remarketing,25.00,USD,27.92,36508,140,11100000004
2026-04-08,Paused,Video Awareness,30.00,USD,0.00,0,0,11100000005
2026-04-09,Enabled,Brand Search,40.00,USD,37.48,763,40,11100000001
2026-04-09,Enabled,Shopping - All,120.00,USD,123.74,9858,209,11100000002
2026-04-09,Enabled,Performance Max,85.00,USD,83.47,10817,160,11100000003
2026-04-09,Enabled,Display Remarketing,25.00,USD,23.59,28611,109,11100000004
2026-04-09,Paused,Video Awareness,30.00,USD,0.00,0,0,11100000005
2026-04-10,Enabled,Brand Search,40.00,USD,43.19,872,46,11100000001
2026-04-10,Enabled,Shopping - All,120.00,USD,118.99,9120,194,11100000002
2026-04-10,Enabled,Performance Max,85.00,USD,93.41,13343,196,11100000003
2026-04-10,Enabled,Display Remarketing,25.00,USD,26.72,32783,139,11100000004
2026-04-10,Paused,Video Awareness,30.00,USD,0.00,0,0,11100000005
2026-04-11,Enabled,Brand Search,40.00,USD,32.24,502,29,11100000001
2026-04-11,Enabled,Shopping - All,120.00,USD,85.25,7467,144,11100000002
2026-04-11,Enabled,Performance Max,85.00,USD,66.81,10299,134,11100000003
2026-04-11,Enabled,Display Remarketing,25.00,USD,18.10,22171,82,11100000004
2026-04-11,Paused,Video Awareness,30.00,USD,0.00,0,0,11100000005
2026-04-12,Enabled,Brand Search,40.00,USD,30.80,601,32,11100000001
2026-04-12,Enabled,Shopping - All,120.00,USD,98.60,8035,158,11100000002
2026-04-12,Enabled,Performance Max,85.00,USD,66.29,10439,148,11100000003
2026-04-12,Enabled,Display Remarketing,25.00,USD,19.60,22837,95,11100000004
2026-04-12,Paused,Video Awareness,30.00,USD,0.00,0,0,11100000005
2026-04-13,Enabled,Brand Search,40.00,USD,39.37,666,40,11100000001
2026-04-13,Enabled,Shopping - All,120.00,USD,135.43,8752,203,11100000002
2026-04-13,Enabled,Performance Max,85.00,USD,81.82,12804,185,11100000003
2026-04-13,Enabled,Display Remarketing,25.00,USD,24.25,23844,105,11100000004
2026-04-13,Paused,Video Awareness,30.00,USD,0.00,0,0,11100000005
2026-04-14,Enabled,Brand Search,40.00,USD,43.40,850,45,11100000001
2026-04-14,Enabled,Shopping - All,120.00,USD,131.29,9357,193,11100000002
2026-04-14,Enabled,Performance Max,85.00,USD,86.44,14591,192,11100000003
2026-04-14,Enabled,Display Remarketing,25.00,USD,28.15,32744,122,11100000004
2026-04-14,Paused,Video Awareness,30.00,USD,0.00,0,0,11100000005
2026-04-15,Enabled,Brand Search,40.00,USD,45.29,821,49,11100000001
2026-04-15,Enabled,Shopping - All,120.00,USD,118.27,7601,176,11100000002
2026-04-15,Enabled,Performance Max,85.00,USD,95.07,15403,210,11100000003
2026-04-15,Enabled,Display Remarketing,25.00,USD,27.84,32554,136,11100000004
2026-04-15,Paused,Video Awareness,30.00,USD,0.00,0,0,11100000005
2026-04-16,Enabled,Brand Search,40.00,USD,38.60,669,35,11100000001
2026-04-16,Enabled,Shopping - All,120.00,USD,118.41,8628,184,11100000002
2026-04-16,Enabled,Performance Max,85.00,USD,80.63,10932,160,11100000003
2026-04-16,Enabled,Display Remarketing,25.00,USD,27.31,30612,127,11100000004
2026-04-16,Paused,Video Awareness,30.00,USD,0.00,0,0,11100000005
2026-04-17,Enabled,Brand Search,40.00,USD,45.82,895,46,11100000001
2026-04-17,Enabled,Shopping - All,120.00,USD,128.85,8796,188,11100000002
2026-04-17,Enabled,Performance Max,85.00,USD,88.06,13363,193,11100000003
2026-04-17,Enabled,Display Remarketing,25.00,USD,27.29,30894,131,11100000004
2026-04-17,Paused,Video Awareness,30.00,USD,0.00,0,0,11100000005
2026-04-18,Enabled,Brand Search,40.00,USD,32.43,580,30,11100000001
2026-04-18,Enabled,Shopping - All,120.00,USD,84.85,5508,123,11100000002
2026-04-18,Enabled,Performance Max,85.00,USD,67.63,9910,154,11100000003
2026-04-18,Enabled,Display Remarketing,25.00,USD,18.88,23835,90,11100000004
2026-04-18,Paused,Video Awareness,30.00,USD,0.00,0,0,11100000005
2026-04-19,Enabled,Brand Search,40.00,USD,28.41,494,28,11100000001
2026-04-19,Enabled,Shopping - All,120.00,USD,96.86,7725,149,11100000002
2026-04-19,Enabled,Performance Max,85.00,USD,61.63,8988,121,11100000003
2026-04-19,Enabled,Display Remarketing,25.00,USD,18.93,21317,83,11100000004
2026-04-19,Paused,Video Awareness,30.00,USD,0.00,0,0,11100000005
2026-04-20,Enabled,Brand Search,40.00,USD,38.64,775,41,11100000001
2026-04-20,Enabled,Shopping - All,120.00,USD,133.57,10220,221,11100000002
2026-04-20,Enabled,Performance Max,85.00,USD,87.78,13784,179,11100000003
2026-04-20,Enabled,Display Remarketing,25.00,USD,24.18,28056,124,11100000004
2026-04-20,Paused,Video Awareness,30.00,USD,0.00,0,0,11100000005
2026-04-21,Enabled,Brand Search,40.00,USD,39.74,746,38,11100000001
2026-04-21,Enabled,Shopping - All,120.00,USD,126.59,10204,199,11100000002
2026-04-21,Enabled,Performance Max,85.00,USD,84.92,12651,176,11100000003
2026-04-21,Enabled,Display Remarketing,25.00,USD,27.69,35767,139,11100000004
2026-04-21,Paused,Video Awareness,30.00,USD,0.00,0,0,11100000005
2026-04-22,Enabled,Brand Search,40.00,USD,40.98,677,40,11100000001
2026-04-22,Enabled,Shopping - All,120.00,USD,135.33,11233,225,11100000002
2026-04-22,Enabled,Performance Max,85.00,USD,83.90,13033,173,11100000003
2026-04-22,Enabled,Display Remarketing,25.00,USD,26.81,29276,118,11100000004
2026-04-22,Paused,Video Awareness,30.00,USD,0.00,0,0,11100000005
2026-04-23,Enabled,Brand Search,40.00,USD,45.52,734,43,11100000001
2026-04-23,Enabled,Shopping - All,120.00,USD,121.91,10433,205,11100000002
2026-04-23,Enabled,Performance Max,85.00,USD,83.74,10987,162,11100000003
2026-04-23,Enabled,Display Remarketing,25.00,USD,25.53,28432,122,11100000004
2026-04-23,Paused,Video Awareness,30.00,USD,0.00,0,0,11100000005
2026-04-24,Enabled,Brand Search,40.00,USD,40.91,757,38,11100000001
2026-04-24,Enabled,Shopping - All,120.00,USD,132.80,10248,197,11100000002
2026-04-24,Enabled,Performance Max,85.00,USD,82.91,13240,169,11100000003
2026-04-24,Enabled,Display Remarketing,25.00,USD,28.01,34544,140,11100000004
2026-04-24,Paused,Video Awareness,30.00,USD,0.00,0,0,11100000005
2026-04-25,Enabled,Brand Search,40.00,USD,28.70,486,29,11100000001
2026-04-25,Enabled,Shopping - All,120.00,USD,86.28,5873,136,11100000002
2026-04-25,Enabled,Performance Max,85.00,USD,63.59,10387,140,11100000003
2026-04-25,Enabled,Display Remarketing,25.00,USD,19.08,23079,93,11100000004
2026-04-25,Paused,Video Awareness,30.00,USD,0.00,0,0,11100000005
2026-04-26,Enabled,Brand Search,40.00,USD,28.41,517,29,11100000001
2026-04-26,Enabled,Shopping - All,120.00,USD,96.09,7888,168,11100000002
2026-04-26,Enabled,Performance Max,85.00,USD,65.92,10124,144,11100000003
2026-04-26,Enabled,Display Remarketing,25.00,USD,18.08,24210,90,11100000004
2026-04-26,Paused,Video Awareness,30.00,USD,0.00,0,0,11100000005
2026-04-27,Enabled,Brand Search,40.00,USD,44.82,915,47,11100000001
2026-04-27,Enabled,Shopping - All,120.00,USD,132.08,10332,219,11100000002
2026-04-27,Enabled,Performance Max,85.00,USD,87.00,12217,186,11100000003
2026-04-27,Enabled,Display Remarketing,25.00,USD,26.15,34407,132,11100000004
2026-04-27,Paused,Video Awareness,30.00,USD,0.00,0,0,11100000005
2026-04-28,Enabled,Brand Search,40.00,USD,43.66,734,41,11100000001
2026-04-28,Enabled,Shopping - All,120.00,USD,126.58,9772,209,11100000002
2026-04-28,Enabled,Performance Max,85.00,USD,93.60,14183,212,11100000003
2026-04-28,Enabled,Display Remarketing,25.00,USD,27.42,33732,138,11100000004
2026-04-28,Paused,Video Awareness,30.00,USD,0.00,0,0,11100000005
2026-04-29,Enabled,Brand Search,40.00,USD,42.54,776,47,11100000001
2026-04-29,Enabled,Shopping - All,120.00,USD,128.97,9759,194,11100000002
2026-04-29,Enabled,Performance Max,85.00,USD,98.47,13540,206,11100000003
2026-04-29,Enabled,Display Remarketing,25.00,USD,27.03,33912,130,11100000004
2026-04-29,Paused,Video Awareness,30.00,USD,0.00,0,0,11100000005
2026-04-30,Enabled,Brand Search,40.00,USD,42.78,853,44,11100000001
2026-04-30,Enabled,Shopping - All,120.00,USD,128.59,10585,204,11100000002
2026-04-30,Enabled,Performance Max,85.00,USD,85.49,12930,185,11100000003
2026-04-30,Enabled,Display Remarketing,25.00,USD,28.06,34004,124,11100000004
2026-04-30,Paused,Video Awareness,30.00,USD,0.00,0,0,11100000005
2026-05-01,Enabled,Brand Search,40.00,USD,41.51,660,38,11100000001
2026-05-01,Enabled,Shopping - All,120.00,USD,125.66,8572,183,11100000002
2026-05-01,Enabled,Performance Max,85.00,USD,89.38,13447,194,11100000003
2026-05-01,Enabled,Display Remarketing,25.00,USD,25.47,30138,115,11100000004
2026-05-01,Paused,Video Awareness,30.00,USD,0.00,0,0,11100000005
2026-05-02,Enabled,Brand Search,40.00,USD,33.49,583,34,11100000001
2026-05-02,Enabled,Shopping - All,120.00,USD,97.93,6956,155,11100000002
2026-05-02,Enabled,Performance Max,85.00,USD,60.67,10088,133,11100000003
2026-05-02,Enabled,Display Remarketing,25.00,USD,19.77,23792,94,11100000004
2026-05-02,Paused,Video Awareness,30.00,USD,0.00,0,0,11100000005
2026-05-03,Enabled,Brand Search,40.00,USD,29.17,565,32,11100000001
2026-05-03,Enabled,Shopping - All,120.00,USD,95.08,8253,163,11100000002
2026-05-03,Enabled,Performance Max,85.00,USD,65.14,9375,130,11100000003
2026-05-03,Enabled,Display Remarketing,25.00,USD,17.85,22089,91,11100000004
2026-05-03,Paused,Video Awareness,30.00,USD,0.00,0,0,11100000005
2026-05-04,Enabled,Brand Search,40.00,USD,45.87,780,44,11100000001
2026-05-04,Enabled,Shopping - All,120.00,USD,122.42,8702,195,11100000002
2026-05-04,Enabled,Performance Max,85.00,USD,82.19,12226,179,11100000003
2026-05-04,Enabled,Display Remarketing,25.00,USD,25.46,28881,116,11100000004
2026-05-04,Paused,Video Awareness,30.00,USD,0.00,0,0,11100000005
2026-05-05,Enabled,Brand Search,40.00,USD,42.34,825,44,11100000001
2026-05-05,Enabled,Shopping - All,120.00,USD,125.35,11219,220,11100000002
2026-05-05,Enabled,Performance Max,85.00,USD,83.28,14287,185,11100000003
2026-05-05,Enabled,Display Remarketing,25.00,USD,28.35,33321,125,11100000004
2026-05-05,Paused,Video Awareness,30.00,USD,0.00,0,0,11100000005
2026-05-06,Enabled,Brand Search,40.00,USD,44.14,656,40,11100000001
2026-05-06,Enabled,Shopping - All,120.00,USD,140.55,10586,234,11100000002
2026-05-06,Enabled,Performance Max,85.00,USD,84.19,11023,163,11100000003
2026-05-06,Enabled,Display Remarketing,25.00,USD,28.35,30475,131,11100000004
2026-05-06,Paused,Video Awareness,30.00,USD,0.00,0,0,11100000005
2026-05-07,Enabled,Brand Search,40.00,USD,46.50,832,49,11100000001
2026-05-07,Enabled,Shopping - All,120.00,USD,139.18,11518,229,11100000002
2026-05-07,Enabled,Performance Max,85.00,USD,94.55,16091,213,11100000003
2026-05-07,Enabled,Display Remarketing,25.00,USD,28.72,33234,128,11100000004
2026-05-07,Paused,Video Awareness,30.00,USD,0.00,0,0,11100000005
2026-05-08,Enabled,Brand Search,40.00,USD,43.38,808,45,11100000001
2026-05-08,Enabled,Shopping - All,120.00,USD,139.14,10300,227,11100000002
2026-05-08,Enabled,Performance Max,85.00,USD,86.80,11983,168,11100000003
2026-05-08,Enabled,Display Remarketing,25.00,USD,24.59,26938,116,11100000004
2026-05-08,Paused,Video Awareness,30.00,USD,0.00,0,0,11100000005
2026-05-09,Enabled,Brand Search,40.00,USD,31.03,568,31,11100000001
2026-05-09,Enabled,Shopping - All,120.00,USD,99.94,7375,145,11100000002
2026-05-09,Enabled,Performance Max,85.00,USD,65.63,10183,138,11100000003
2026-05-09,Enabled,Display Remarketing,25.00,USD,20.74,23610,96,11100000004
2026-05-09,Paused,Video Awareness,30.00,USD,0.00,0,0,11100000005
2026-05-10,Enabled,Brand Search,40.00,USD,33.96,579,31,11100000001
2026-05-10,Enabled,Shopping - All,120.00,USD,95.88,6813,140,11100000002
2026-05-10,Enabled,Performance Max,85.00,USD,68.52,10696,155,11100000003
2026-05-10,Enabled,Display Remarketing,25.00,USD,21.30,25422,102,11100000004
2026-05-10,Paused,Video Awareness,30.00,USD,0.00,0,0,11100000005
2026-05-11,Enabled,Brand Search,40.00,USD,46.68,797,42,11100000001
2026-05-11,Enabled,Shopping - All,120.00,USD,133.06,10621,208,11100000002
2026-05-11,Enabled,Performance Max,85.00,USD,89.53,13354,186,11100000003
2026-05-11,Enabled,Display Remarketing,25.00,USD,28.50,31585,128,11100000004
2026-05-11,Paused,Video Awareness,30.00,USD,0.00,0,0,11100000005
2026-05-12,Enabled,Brand Search,40.00,USD,42.67,833,43,11100000001
2026-05-12,Enabled,Shopping - All,120.00,USD,124.68,9994,214,11100000002
2026-05-12,Enabled,Performance Max,85.00,USD,92.15,13088,183,11100000003
2026-05-12,Enabled,Display Remarketing,25.00,USD,29.63,38367,145,11100000004
2026-05-12,Paused,Video Awareness,30.00,USD,0.00,0,0,11100000005
2026-05-13,Enabled,Brand Search,40.00,USD,41.94,698,40,11100000001
2026-05-13,Enabled,Shopping - All,120.00,USD,132.39,11021,219,11100000002
2026-05-13,Enabled,Performance Max,85.00,USD,83.81,14003,182,11100000003
2026-05-13,Enabled,Display Remarketing,25.00,USD,27.36,28562,119,11100000004
2026-05-13,Paused,Video Awareness,30.00,USD,0.00,0,0,11100000005
2026-05-14,Enabled,Brand Search,40.00,USD,39.20,729,37,11100000001
2026-05-14,Enabled,Shopping - All,120.00,USD,133.13,11183,222,11100000002
2026-05-14,Enabled,Performance Max,85.00,USD,99.80,15569,213,11100000003
2026-05-14,Enabled,Display Remarketing,25.00,USD,27.83,35165,138,11100000004
2026-05-14,Paused,Video Awareness,30.00,USD,0.00,0,0,11100000005
2026-05-15,Enabled,Brand Search,40.00,USD,45.06,789,42,11100000001
2026-05-15,Enabled,Shopping - All,120.00,USD,129.41,9641,220,11100000002
2026-05-15,Enabled,Performance Max,85.00,USD,86.61,12357,164,11100000003
2026-05-15,Enabled,Display Remarketing,25.00,USD,29.41,35056,144,11100000004
2026-05-15,Paused,Video Awareness,30.00,USD,0.00,0,0,11100000005
2026-05-16,Enabled,Brand Search,40.00,USD,33.36,644,35,11100000001
2026-05-16,Enabled,Shopping - All,120.00,USD,89.57,6516,139,11100000002
2026-05-16,Enabled,Performance Max,85.00,USD,64.24,9696,132,11100000003
2026-05-16,Enabled,Display Remarketing,25.00,USD,21.28,23311,92,11100000004
2026-05-16,Paused,Video Awareness,30.00,USD,0.00,0,0,11100000005
2026-05-17,Enabled,Brand Search,40.00,USD,28.54,502,26,11100000001
2026-05-17,Enabled,Shopping - All,120.00,USD,95.59,7867,167,11100000002
2026-05-17,Enabled,Performance Max,85.00,USD,60.31,8947,123,11100000003
2026-05-17,Enabled,Display Remarketing,25.00,USD,21.32,27614,111,11100000004
2026-05-17,Paused,Video Awareness,30.00,USD,0.00,0,0,11100000005
2026-05-18,Enabled,Brand Search,40.00,USD,42.91,730,39,11100000001
2026-05-18,Enabled,Shopping - All,120.00,USD,123.53,7956,185,11100000002
2026-05-18,Enabled,Performance Max,85.00,USD,83.69,11950,181,11100000003
2026-05-18,Enabled,Display Remarketing,25.00,USD,29.81,34902,130,11100000004
2026-05-18,Paused,Video Awareness,30.00,USD,0.00,0,0,11100000005
2026-05-19,Enabled,Brand Search,40.00,USD,40.51,702,37,11100000001
2026-05-19,Enabled,Shopping - All,120.00,USD,124.46,9375,210,11100000002
2026-05-19,Enabled,Performance Max,85.00,USD,84.63,13853,186,11100000003
2026-05-19,Enabled,Display Remarketing,25.00,USD,29.24,33465,146,11100000004
2026-05-19,Paused,Video Awareness,30.00,USD,0.00,0,0,11100000005
2026-05-20,Enabled,Brand Search,40.00,USD,44.88,848,47,11100000001
2026-05-20,Enabled,Shopping - All,120.00,USD,142.54,11397,219,11100000002
2026-05-20,Enabled,Performance Max,85.00,USD,97.01,11738,182,11100000003
2026-05-20,Enabled,Display Remarketing,25.00,USD,28.17,32745,143,11100000004
2026-05-20,Paused,Video Awareness,30.00,USD,0.00,0,0,11100000005
2026-05-21,Enabled,Brand Search,40.00,USD,42.19,747,44,11100000001
2026-05-21,Enabled,Shopping - All,120.00,USD,140.86,9858,227,11100000002
2026-05-21,Enabled,Performance Max,85.00,USD,90.69,13546,192,11100000003
2026-05-21,Enabled,Display Remarketing,25.00,USD,28.35,33109,125,11100000004
2026-05-21,Paused,Video Awareness,30.00,USD,0.00,0,0,11100000005
2026-05-22,Enabled,Brand Search,40.00,USD,42.69,821,44,11100000001
2026-05-22,Enabled,Shopping - All,120.00,USD,129.50,10270,204,11100000002
2026-05-22,Enabled,Performance Max,85.00,USD,101.45,16141,223,11100000003
2026-05-22,Enabled,Display Remarketing,25.00,USD,26.30,31202,114,11100000004
2026-05-22,Paused,Video Awareness,30.00,USD,0.00,0,0,11100000005
2026-05-23,Enabled,Brand Search,40.00,USD,32.90,615,35,11100000001
2026-05-23,Enabled,Shopping - All,120.00,USD,96.89,8682,171,11100000002
2026-05-23,Enabled,Performance Max,85.00,USD,68.56,9646,137,11100000003
2026-05-23,Enabled,Display Remarketing,25.00,USD,21.29,25665,99,11100000004
2026-05-23,Paused,Video Awareness,30.00,USD,0.00,0,0,11100000005
2026-05-24,Enabled,Brand Search,40.00,USD,32.31,675,35,11100000001
2026-05-24,Enabled,Shopping - All,120.00,USD,90.94,5988,132,11100000002
2026-05-24,Enabled,Performance Max,85.00,USD,66.27,10632,140,11100000003
2026-05-24,Enabled,Display Remarketing,25.00,USD,21.31,24533,92,11100000004
2026-05-24,Paused,Video Awareness,30.00,USD,0.00,0,0,11100000005
2026-05-25,Enabled,Brand Search,40.00,USD,46.76,922,50,11100000001
2026-05-25,Enabled,Shopping - All,120.00,USD,126.22,11018,218,11100000002
2026-05-25,Enabled,Performance Max,85.00,USD,97.01,15164,219,11100000003
2026-05-25,Enabled,Display Remarketing,25.00,USD,25.27,32314,122,11100000004
2026-05-25,Paused,Video Awareness,30.00,USD,0.00,0,0,11100000005
2026-05-26,Enabled,Brand Search,40.00,USD,41.49,869,44,11100000001
2026-05-26,Enabled,Shopping - All,120.00,USD,125.34,10158,206,11100000002
2026-05-26,Enabled,Performance Max,85.00,USD,93.07,12430,183,11100000003
2026-05-26,Enabled,Display Remarketing,25.00,USD,28.93,36206,146,11100000004
2026-05-26,Paused,Video Awareness,30.00,USD,0.00,0,0,11100000005
2026-05-27,Enabled,Brand Search,40.00,USD,40.55,824,43,11100000001
2026-05-27,Enabled,Shopping - All,120.00,USD,125.46,10588,206,11100000002
2026-05-27,Enabled,Performance Max,85.00,USD,100.97,15001,211,11100000003
2026-05-27,Enabled,Display Remarketing,25.00,USD,28.08,29327,125,11100000004
2026-05-27,Paused,Video Awareness,30.00,USD,0.00,0,0,11100000005
2026-05-28,Enabled,Brand Search,40.00,USD,41.42,760,43,11100000001
2026-05-28,Enabled,Shopping - All,120.00,USD,134.31,10130,212,11100000002
2026-05-28,Enabled,Performance Max,85.00,USD,87.42,13036,166,11100000003
2026-05-28,Enabled,Display Remarketing,25.00,USD,26.94,30283,118,11100000004
2026-05-28,Paused,Video Awareness,30.00,USD,0.00,0,0,11100000005
2026-05-29,Enabled,Brand Search,40.00,USD,46.78,816,44,11100000001
2026-05-29,Enabled,Shopping - All,120.00,USD,128.71,8955,208,11100000002
2026-05-29,Enabled,Performance Max,85.00,USD,85.38,14948,195,11100000003
2026-05-29,Enabled,Display Remarketing,25.00,USD,27.59,31665,133,11100000004
2026-05-29,Paused,Video Awareness,30.00,USD,0.00,0,0,11100000005
2026-05-30,Enabled,Brand Search,40.00,USD,33.67,654,33,11100000001
2026-05-30,Enabled,Shopping - All,120.00,USD,100.78,9002,173,11100000002
2026-05-30,Enabled,Performance Max,85.00,USD,64.51,8193,122,11100000003
2026-05-30,Enabled,Display Remarketing,25.00,USD,18.68,18659,82,11100000004
2026-05-30,Paused,Video Awareness,30.00,USD,0.00,0,0,11100000005
2026-05-31,Enabled,Brand Search,40.00,USD,32.31,631,35,11100000001
2026-05-31,Enabled,Shopping - All,120.00,USD,104.32,7911,182,11100000002
2026-05-31,Enabled,Performance Max,85.00,USD,69.21,9306,141,11100000003
2026-05-31,Enabled,Display Remarketing,25.00,USD,21.78,25069,99,11100000004
2026-05-31,Paused,Video Awareness,30.00,USD,0.00,0,0,11100000005
2026-06-01,Enabled,Brand Search,40.00,USD,45.66,940,50,11100000001
2026-06-01,Enabled,Shopping - All,120.00,USD,130.46,9231,208,11100000002
2026-06-01,Enabled,Performance Max,85.00,USD,103.10,15919,236,11100000003
2026-06-01,Enabled,Display Remarketing,25.00,USD,25.23,27656,114,11100000004
2026-06-01,Paused,Video Awareness,30.00,USD,0.00,0,0,11100000005
2026-06-02,Enabled,Brand Search,40.00,USD,48.02,1009,52,11100000001
2026-06-02,Enabled,Shopping - All,120.00,USD,121.49,10270,207,11100000002
2026-06-02,Enabled,Performance Max,85.00,USD,97.26,14448,222,11100000003
2026-06-02,Enabled,Display Remarketing,25.00,USD,25.85,35084,129,11100000004
2026-06-02,Paused,Video Awareness,30.00,USD,0.00,0,0,11100000005
2026-06-03,Enabled,Brand Search,40.00,USD,46.09,815,44,11100000001
2026-06-03,Enabled,Shopping - All,120.00,USD,140.42,9602,209,11100000002
2026-06-03,Enabled,Performance Max,85.00,USD,90.09,12382,174,11100000003
2026-06-03,Enabled,Display Remarketing,25.00,USD,26.01,27162,117,11100000004
2026-06-03,Paused,Video Awareness,30.00,USD,0.00,0,0,11100000005
